{
  "backend/main.mo": "Motoko canister defining a Submission type and storing contact submissions in memory, with methods to add entries and query all submissions sorted by name or timestamp.",
  "feature_evidence.json": "Generated feature evidence report mapping high-level product features to frontend files, components, test requirements, and confidence levels.",
  "frontend-file-summaries.txt": "Prewritten JSON mapping of frontend file paths to short human-readable summaries of their purpose and functionality.",
  "frontend/index.css": "Tailwind CSS entry file defining global design tokens, OKLCH color variables, and light/dark theme styles for the MilletBowl brand.",
  "frontend/index.html": "Base HTML document that mounts the React application to the root div and loads the main TypeScript entry.",
  "frontend/src/App.tsx": "Main React application component configuring TanStack Router routes for all pages and wrapping them in the SiteLayout.",
  "frontend/src/components/HygienePromiseSection.tsx": "Reusable homepage section presenting MilletBowl’s hygiene and organic promises with icons, descriptions, and a generated image.",
  "frontend/src/components/SiteFooter.tsx": "Footer component with brand tagline, navigation links, promise highlights, and attribution footer.",
  "frontend/src/components/SiteHeader.tsx": "Responsive site header with brand logo, desktop and mobile navigation, and active route highlighting.",
  "frontend/src/components/SiteLayout.tsx": "Root layout component that composes the SiteHeader, routed page content, and SiteFooter into a full-height page shell.",
  "frontend/src/components/TargetCustomersSection.tsx": "Homepage section displaying four target customer groups using icon cards and descriptive text.",
  "frontend/src/hooks/useActor.ts": "React hook that creates and caches an authenticated or anonymous Internet Computer actor using React Query and Internet Identity.",
  "frontend/src/hooks/useCreateSubmission.ts": "Defines a React Query mutation hook that submits contact/order form data via an ICP actor and invalidates the 'submissions' query on success, with a temporary backend field mapping workaround.",
  "frontend/src/hooks/useInternetIdentity.ts": "Implements Internet Identity authentication using Dfinity AuthClient, providing a React context and hooks to manage identity state, login/logout, and login status across the app.",
  "frontend/src/index.css": "Configures Tailwind CSS base, components, and utilities with a custom warm color theme, CSS variables for light/dark modes, and global styling rules.",
  "frontend/src/main.tsx": "Bootstraps the React application by rendering App inside React Query and Internet Identity providers and importing global styles.",
  "frontend/src/pages/AboutPage.tsx": "Renders a static informational page explaining MilletBowl’s mission, the modern health crisis, and the benefits of millets using styled sections and icons.",
  "frontend/src/pages/ContactOrderPage.tsx": "Implements a contact/order form with client-side validation that submits data via useCreateSubmission and displays loading, success, and error states.",
  "frontend/src/pages/HomePage.tsx": "Defines the landing page with hero, benefits, and marketing sections, navigation links, and imported promotional components.",
  "frontend/src/pages/PersonalizedDietPlansPage.tsx": "Displays an example personalized, diabetic-friendly daily meal plan timeline with meal details, benefits, and iconography.",
  "frontend/src/pages/SubscriptionPlansPage.tsx": "React page that renders Weekly and Monthly subscription plan cards with features, highlights the popular plan, and links to a contact page, plus a section describing meal customization options.",
  "frontend/tailwind.config.js": "Tailwind CSS configuration defining dark mode, content paths, container settings, extended color system via CSS variables, typography, animations, shadows, fonts, and enabled plugins.",
  "project_state.json": "Project metadata file describing the MilletBowl marketing website goals, schema/versioning, and a list of implemented or planned features with requirements and versions."
}