{
  "kind": "build_request",
  "title": "MilletBowl modern health startup website with pages, plans, and contact/order form",
  "priority": "normal",
  "requirements": [
    {
      "id": "REQ-1",
      "text": "Create a modern, clean, responsive marketing website for the health startup “MilletBowl” with a consistent warm, trustworthy visual system (yellow/white/green palette, clean typography, generous whitespace, accessible contrast) applied across all pages/sections.",
      "target": "frontend",
      "source": {
        "messageIds": [
          "msg-2"
        ],
        "quotes": [
          "Use warm colors (yellow/white/green), food images, and a trustworthy health-focused design."
        ]
      },
      "acceptanceCriteria": [
        "Site uses a consistent warm color palette dominated by yellow/white/green and a cohesive typography scale across all pages",
        "All pages are responsive (mobile, tablet, desktop) and maintain readable contrast and spacing",
        "No user-facing copy uses languages other than English"
      ]
    },
    {
      "id": "REQ-2",
      "text": "Implement the Landing Page with: tagline “Traditional Nutrition. Modern Convenience.”, a short intro describing millet-based diabetic-friendly meals, and a primary call-to-action button labeled “Start Your Healthy Plan” that navigates to the Contact/Order page.",
      "target": "frontend",
      "source": {
        "messageIds": [
          "msg-2"
        ],
        "quotes": [
          "1. Landing Page\n- Tagline: “Traditional Nutrition. Modern Convenience.”\n- Short intro about millet-based diabetic-friendly meals\n- Call-to-action: “Start Your Healthy Plan”"
        ]
      },
      "acceptanceCriteria": [
        "Landing page displays the exact tagline text",
        "Landing page includes a short English intro paragraph about millet-based diabetic-friendly meals",
        "Clicking “Start Your Healthy Plan” navigates to the Contact/Order page route/section"
      ]
    },
    {
      "id": "REQ-3",
      "text": "Add an About section/page explaining: (a) how modern lifestyles contribute to diabetes, obesity, and digestive issues, and (b) how MilletBowl addresses this through traditional Indian millets and organic food instead of medication; the content must explicitly list these ingredients: ragi, jowar, foxtail millet, barnyard millet, kodo millet, little millet, proso millet, browntop millet, amaranth, and buckwheat.",
      "target": "frontend",
      "source": {
        "messageIds": [
          "msg-2"
        ],
        "quotes": [
          "2. About Section\nExplain how modern lifestyles cause diabetes, obesity, and digestive issues, and how MilletBowl solves this using ragi, jowar, foxtail millet, barnyard millet, kodo millet, little millet, proso millet, browntop millet, amaranth, and buckwheat."
        ]
      },
      "acceptanceCriteria": [
        "About content includes an explanation of lifestyle-related health issues (diabetes, obesity, digestive issues)",
        "About content explains MilletBowl’s approach using traditional Indian millets and organic food instead of medication",
        "All listed millets/ingredients appear verbatim in the About section/page"
      ]
    },
    {
      "id": "REQ-4",
      "text": "Create a “Personalized Diet Plans” page that shows an example diabetic-friendly daily plan with the exact items provided: Wheatgrass juice morning; Ragi/Foxtail breakfast with fenugreek; Barnyard/Kodo/Little millet lunch bowl; Proso/Browntop snacks; Jowar/Bajra dinner with vegetables.",
      "target": "frontend",
      "source": {
        "messageIds": [
          "msg-2"
        ],
        "quotes": [
          "3. Personalized Diet Plans Page\nShow example diabetic diet plan:\n- Wheatgrass juice morning\n- Ragi/Foxtail breakfast with fenugreek\n- Barnyard/Kodo/Little millet lunch bowl\n- Proso/Browntop snacks\n- Jowar/Bajra dinner with vegetables"
        ]
      },
      "acceptanceCriteria": [
        "A dedicated Personalized Diet Plans page exists and is reachable via navigation",
        "The example plan lists all five bullets exactly as provided (wording may be formatted but must preserve the items)"
      ]
    },
    {
      "id": "REQ-5",
      "text": "Add a “Target Customers” section/page that clearly highlights these groups: Diabetic patients, Elderly people, Software/corporate employees, Health-conscious individuals.",
      "target": "frontend",
      "source": {
        "messageIds": [
          "msg-2"
        ],
        "quotes": [
          "4. Target Customers Section\n- Diabetic patients\n- Elderly people\n- Software/corporate employees\n- Health-conscious individuals"
        ]
      },
      "acceptanceCriteria": [
        "Target Customers content includes all four customer groups",
        "Content is presented in a scannable format (e.g., cards or bullet list)"
      ]
    },
    {
      "id": "REQ-6",
      "text": "Create a “Subscription Plans” page describing weekly and monthly meal subscriptions, including a clear customization concept (e.g., preference/condition-based customization) without requiring payments.",
      "target": "frontend",
      "source": {
        "messageIds": [
          "msg-2"
        ],
        "quotes": [
          "5. Subscription Plans Page\nWeekly and monthly meal subscriptions with customization."
        ]
      },
      "acceptanceCriteria": [
        "Subscription Plans page exists and is reachable via navigation",
        "Page includes at least two plan options: weekly and monthly",
        "Page explains that plans can be customized (in English)"
      ]
    },
    {
      "id": "REQ-7",
      "text": "Add a “Hygiene & Organic Promise” section/page stating: no refined sugar, no preservatives, organic ingredients.",
      "target": "frontend",
      "source": {
        "messageIds": [
          "msg-2"
        ],
        "quotes": [
          "6. Hygiene & Organic Promise Section\nNo refined sugar, no preservatives, organic ingredients."
        ]
      },
      "acceptanceCriteria": [
        "Hygiene & Organic Promise content includes: no refined sugar, no preservatives, organic ingredients",
        "Promise content is visible and readable on mobile and desktop"
      ]
    },
    {
      "id": "REQ-8",
      "text": "Create a “Contact / Order” page with a simple form collecting: name, health condition, and subscription interest; include basic client-side validation (required fields) and a clear success/error state after submission.",
      "target": "frontend",
      "source": {
        "messageIds": [
          "msg-2"
        ],
        "quotes": [
          "7. Contact / Order Page\nSimple form to collect name, health condition, and subscription interest."
        ]
      },
      "acceptanceCriteria": [
        "Contact/Order page has inputs for name, health condition, and subscription interest",
        "Form prevents submission when required fields are empty and shows inline validation messaging",
        "After submission, UI shows a success message or an error message depending on the result"
      ]
    },
    {
      "id": "REQ-9",
      "text": "Persist Contact/Order form submissions in the Motoko backend (single actor) with timestamp, and expose backend methods to create a submission and to list submissions (for future use).",
      "target": "backend",
      "source": {
        "messageIds": [
          "msg-2"
        ],
        "quotes": [
          "Contact / Order Page\nSimple form to collect name, health condition, and subscription interest."
        ]
      },
      "acceptanceCriteria": [
        "Backend provides an update method to create/store a contact/order submission including name, health condition, subscription interest, and a timestamp",
        "Backend provides a query method to list stored submissions",
        "Data persists across page reloads/calls during the canister lifetime"
      ]
    },
    {
      "id": "REQ-10",
      "text": "Wire the frontend Contact/Order form to the backend submission endpoint using React Query so submissions are sent to the Motoko canister and success/error states reflect the actual backend response.",
      "target": "both",
      "source": {
        "messageIds": [
          "msg-2"
        ],
        "quotes": [
          "Contact / Order Page\nSimple form to collect name, health condition, and subscription interest."
        ]
      },
      "acceptanceCriteria": [
        "Submitting the form triggers a React Query mutation that calls the backend create-submission method",
        "On successful backend response, the UI shows a success confirmation and optionally clears the form",
        "On backend failure, the UI shows an error state without crashing"
      ]
    },
    {
      "id": "REQ-11",
      "text": "Add site navigation (header and/or footer) to access: Home (Landing), About, Personalized Diet Plans, Subscription Plans, Contact/Order; ensure smooth navigation and clear active state.",
      "target": "frontend",
      "source": {
        "messageIds": [
          "msg-2"
        ]
      },
      "acceptanceCriteria": [
        "Navigation links exist for Home, About, Personalized Diet Plans, Subscription Plans, and Contact/Order",
        "All links navigate to the correct page/section",
        "Active route/section state is visually indicated"
      ]
    },
    {
      "id": "REQ-12",
      "text": "Add generated static food/health visuals to the frontend and use them across the site (hero + section imagery) by placing them in frontend/public/assets/generated and referencing them directly from the UI (do not serve images via the backend).",
      "target": "frontend",
      "source": {
        "messageIds": [
          "msg-2"
        ],
        "quotes": [
          "Use warm colors (yellow/white/green), food images, and a trustworthy health-focused design."
        ]
      },
      "acceptanceCriteria": [
        "All required generated images exist under frontend/public/assets/generated",
        "At least the Landing hero and one additional section use the generated images in the UI",
        "Images are referenced as static assets and not fetched through backend calls"
      ]
    }
  ],
  "constraints": [
    "Use English for all user-facing text",
    "Backend must remain a single Motoko actor in backend/main.mo (no additional backend services)",
    "Do not edit files under frontend/src/components/ui or other frontend immutable paths; compose them instead",
    "Do not add third-party authentication providers; Internet Identity-only if auth is later needed"
  ],
  "nonGoals": [
    "Payment processing or checkout for subscriptions",
    "Medical diagnosis features or claims beyond marketing copy provided by the user",
    "Admin dashboard for viewing submissions (backend list method is sufficient for now)",
    "Real-time chat or messaging"
  ],
  "imageRequirements": {
    "required": [
      "Warm, modern hero banner showing an Indian millet bowl meal with fresh vegetables on a bright clean background in yellow/white/green tones (milletbowl-hero.dim_1600x900.png)",
      "Minimal set of 4 flat vector-style icons in warm yellow/green palette representing: diabetes-friendly, elderly-friendly, busy professionals, organic hygiene (milletbowl-icons-set.dim_1024x1024.png)",
      "Close-up food photo-style image of assorted Indian millets and grains in small bowls with warm lighting (milletbowl-millets.dim_1400x900.png)"
    ],
    "edits": []
  },
  "userProfileUpdate": {
    "goalsToAdd": [],
    "goalsToRemove": [],
    "preferencesToAdd": [],
    "preferencesToRemove": [],
    "miscToAdd": [],
    "miscToRemove": [],
    "fieldsToSet": {},
    "fieldsToDelete": []
  }
}