{
  "kind": "coverage_report",
  "version": "1.0",
  "generatedAt": "2026-02-03T10:19:59.250Z",
  "sources": {
    "buildRequest": true,
    "implementationPlan": true
  },
  "requirements": {
    "total": 12,
    "implemented": 11,
    "items": [
      {
        "id": "REQ-1",
        "summary": "Create a modern, clean, responsive marketing website for the health startup “MilletBowl” with a consistent warm, trustworthy visual system (yellow/white/green palette, clean typography, generous whitespace, accessible contrast) applied across all pages/sections.",
        "status": "implemented",
        "plannedFiles": [
          "frontend/src/index.css",
          "frontend/tailwind.config.js",
          "frontend/src/components/SiteLayout.tsx"
        ],
        "matchedFiles": [
          "frontend/src/index.css",
          "frontend/tailwind.config.js",
          "frontend/src/components/SiteLayout.tsx"
        ]
      },
      {
        "id": "REQ-10",
        "summary": "Wire the frontend Contact/Order form to the backend submission endpoint using React Query so submissions are sent to the Motoko canister and success/error states reflect the actual backend response.",
        "status": "implemented",
        "plannedFiles": [
          "frontend/src/backend.ts",
          "frontend/src/hooks/useCreateSubmission.ts",
          "frontend/src/pages/ContactOrderPage.tsx"
        ],
        "matchedFiles": [
          "frontend/src/backend.ts",
          "frontend/src/hooks/useCreateSubmission.ts",
          "frontend/src/pages/ContactOrderPage.tsx"
        ]
      },
      {
        "id": "REQ-11",
        "summary": "Add site navigation (header and/or footer) to access: Home (Landing), About, Personalized Diet Plans, Subscription Plans, Contact/Order; ensure smooth navigation and clear active state.",
        "status": "implemented",
        "plannedFiles": [
          "frontend/src/components/SiteHeader.tsx",
          "frontend/src/components/SiteFooter.tsx",
          "frontend/src/components/SiteLayout.tsx",
          "frontend/src/main.tsx"
        ],
        "matchedFiles": [
          "frontend/src/components/SiteHeader.tsx",
          "frontend/src/components/SiteFooter.tsx",
          "frontend/src/components/SiteLayout.tsx",
          "frontend/src/main.tsx"
        ]
      },
      {
        "id": "REQ-12",
        "summary": "Add generated static food/health visuals to the frontend and use them across the site (hero + section imagery) by placing them in frontend/public/assets/generated and referencing them directly from the UI (do not serve images via the backend).",
        "status": "implemented",
        "plannedFiles": [
          "frontend/public/assets/generated/milletbowl-hero.dim_1600x900.png",
          "frontend/public/assets/generated/milletbowl-icons-set.dim_1024x1024.png",
          "frontend/public/assets/generated/milletbowl-millets.dim_1400x900.png",
          "frontend/src/pages/HomePage.tsx",
          "frontend/src/pages/AboutPage.tsx"
        ],
        "matchedFiles": [
          "frontend/public/assets/generated/milletbowl-hero.dim_1600x900.png",
          "frontend/public/assets/generated/milletbowl-icons-set.dim_1024x1024.png",
          "frontend/public/assets/generated/milletbowl-millets.dim_1400x900.png",
          "frontend/src/pages/HomePage.tsx",
          "frontend/src/pages/AboutPage.tsx"
        ]
      },
      {
        "id": "REQ-2",
        "summary": "Implement the Landing Page with: tagline “Traditional Nutrition. Modern Convenience.”, a short intro describing millet-based diabetic-friendly meals, and a primary call-to-action button labeled “Start Your Healthy Plan” that navigates to the Contact/Order page.",
        "status": "implemented",
        "plannedFiles": [
          "frontend/src/pages/HomePage.tsx",
          "frontend/src/App.tsx"
        ],
        "matchedFiles": [
          "frontend/src/pages/HomePage.tsx",
          "frontend/src/App.tsx"
        ]
      },
      {
        "id": "REQ-3",
        "summary": "Add an About section/page explaining: (a) how modern lifestyles contribute to diabetes, obesity, and digestive issues, and (b) how MilletBowl addresses this through traditional Indian millets and organic food instead of medication; the content must explicitly list these ingredients: ragi, jowar, foxtail millet, barnyard millet, kodo millet, little millet, proso millet, browntop millet, amaranth, and buckwheat.",
        "status": "implemented",
        "plannedFiles": [
          "frontend/src/pages/AboutPage.tsx",
          "frontend/src/App.tsx"
        ],
        "matchedFiles": [
          "frontend/src/pages/AboutPage.tsx",
          "frontend/src/App.tsx"
        ]
      },
      {
        "id": "REQ-4",
        "summary": "Create a “Personalized Diet Plans” page that shows an example diabetic-friendly daily plan with the exact items provided: Wheatgrass juice morning; Ragi/Foxtail breakfast with fenugreek; Barnyard/Kodo/Little millet lunch bowl; Proso/Browntop snacks; Jowar/Bajra dinner with vegetables.",
        "status": "implemented",
        "plannedFiles": [
          "frontend/src/pages/PersonalizedDietPlansPage.tsx",
          "frontend/src/App.tsx"
        ],
        "matchedFiles": [
          "frontend/src/pages/PersonalizedDietPlansPage.tsx",
          "frontend/src/App.tsx"
        ]
      },
      {
        "id": "REQ-5",
        "summary": "Add a “Target Customers” section/page that clearly highlights these groups: Diabetic patients, Elderly people, Software/corporate employees, Health-conscious individuals.",
        "status": "implemented",
        "plannedFiles": [
          "frontend/src/components/TargetCustomersSection.tsx",
          "frontend/src/pages/HomePage.tsx"
        ],
        "matchedFiles": [
          "frontend/src/components/TargetCustomersSection.tsx",
          "frontend/src/pages/HomePage.tsx"
        ]
      },
      {
        "id": "REQ-6",
        "summary": "Create a “Subscription Plans” page describing weekly and monthly meal subscriptions, including a clear customization concept (e.g., preference/condition-based customization) without requiring payments.",
        "status": "implemented",
        "plannedFiles": [
          "frontend/src/pages/SubscriptionPlansPage.tsx",
          "frontend/src/App.tsx"
        ],
        "matchedFiles": [
          "frontend/src/pages/SubscriptionPlansPage.tsx",
          "frontend/src/App.tsx"
        ]
      },
      {
        "id": "REQ-7",
        "summary": "Add a “Hygiene & Organic Promise” section/page stating: no refined sugar, no preservatives, organic ingredients.",
        "status": "implemented",
        "plannedFiles": [
          "frontend/src/components/HygienePromiseSection.tsx",
          "frontend/src/pages/HomePage.tsx"
        ],
        "matchedFiles": [
          "frontend/src/components/HygienePromiseSection.tsx",
          "frontend/src/pages/HomePage.tsx"
        ]
      },
      {
        "id": "REQ-8",
        "summary": "Create a “Contact / Order” page with a simple form collecting: name, health condition, and subscription interest; include basic client-side validation (required fields) and a clear success/error state after submission.",
        "status": "implemented",
        "plannedFiles": [
          "frontend/src/pages/ContactOrderPage.tsx",
          "frontend/src/App.tsx"
        ],
        "matchedFiles": [
          "frontend/src/pages/ContactOrderPage.tsx",
          "frontend/src/App.tsx"
        ]
      },
      {
        "id": "REQ-9",
        "summary": "Persist Contact/Order form submissions in the Motoko backend (single actor) with timestamp, and expose backend methods to create a submission and to list submissions (for future use).",
        "status": "unknown",
        "plannedFiles": [],
        "matchedFiles": []
      }
    ]
  },
  "changedFiles": [
    "backend/main.mo",
    "build-request.json",
    "build-template/Dockerfile",
    "build-template/LICENSE",
    "build-template/README.md",
    "build-template/deploy.sh",
    "build-template/icp.yaml",
    "build-template/package.json",
    "build-template/pnpm-lock.yaml",
    "build-template/pnpm-workspace.yaml",
    "build-template/scripts/prune-unused-images.js",
    "build-template/scripts/resize-images.js",
    "build-template/src/backend/canister.yaml",
    "build-template/src/backend/system-idl/aaaaa-aa.did",
    "build-template/src/frontend/canister.yaml",
    "build-template/src/frontend/components.json",
    "build-template/src/frontend/env.json",
    "build-template/src/frontend/eslint-rules/no-bigint-in-query-keys.js",
    "build-template/src/frontend/eslint-rules/require-internet-identity-provider.js",
    "build-template/src/frontend/eslint.config.js",
    "build-template/src/frontend/package.json",
    "build-template/src/frontend/postcss.config.js",
    "build-template/src/frontend/src/components/ui/accordion.tsx",
    "build-template/src/frontend/src/components/ui/alert-dialog.tsx",
    "build-template/src/frontend/src/components/ui/alert.tsx",
    "build-template/src/frontend/src/components/ui/aspect-ratio.tsx",
    "build-template/src/frontend/src/components/ui/avatar.tsx",
    "build-template/src/frontend/src/components/ui/badge.tsx",
    "build-template/src/frontend/src/components/ui/breadcrumb.tsx",
    "build-template/src/frontend/src/components/ui/button.tsx",
    "build-template/src/frontend/src/components/ui/calendar.tsx",
    "build-template/src/frontend/src/components/ui/card.tsx",
    "build-template/src/frontend/src/components/ui/carousel.tsx",
    "build-template/src/frontend/src/components/ui/chart.tsx",
    "build-template/src/frontend/src/components/ui/checkbox.tsx",
    "build-template/src/frontend/src/components/ui/collapsible.tsx",
    "build-template/src/frontend/src/components/ui/command.tsx",
    "build-template/src/frontend/src/components/ui/context-menu.tsx",
    "build-template/src/frontend/src/components/ui/dialog.tsx",
    "build-template/src/frontend/src/components/ui/drawer.tsx",
    "build-template/src/frontend/src/components/ui/dropdown-menu.tsx",
    "build-template/src/frontend/src/components/ui/form.tsx",
    "build-template/src/frontend/src/components/ui/hover-card.tsx",
    "build-template/src/frontend/src/components/ui/input-otp.tsx",
    "build-template/src/frontend/src/components/ui/input.tsx",
    "build-template/src/frontend/src/components/ui/label.tsx",
    "build-template/src/frontend/src/components/ui/menubar.tsx",
    "build-template/src/frontend/src/components/ui/navigation-menu.tsx",
    "build-template/src/frontend/src/components/ui/pagination.tsx",
    "build-template/src/frontend/src/components/ui/popover.tsx",
    "build-template/src/frontend/src/components/ui/progress.tsx",
    "build-template/src/frontend/src/components/ui/radio-group.tsx",
    "build-template/src/frontend/src/components/ui/resizable.tsx",
    "build-template/src/frontend/src/components/ui/scroll-area.tsx",
    "build-template/src/frontend/src/components/ui/select.tsx",
    "build-template/src/frontend/src/components/ui/separator.tsx",
    "build-template/src/frontend/src/components/ui/sheet.tsx",
    "build-template/src/frontend/src/components/ui/sidebar.tsx",
    "build-template/src/frontend/src/components/ui/skeleton.tsx",
    "build-template/src/frontend/src/components/ui/slider.tsx",
    "build-template/src/frontend/src/components/ui/sonner.tsx",
    "build-template/src/frontend/src/components/ui/switch.tsx",
    "build-template/src/frontend/src/components/ui/table.tsx",
    "build-template/src/frontend/src/components/ui/tabs.tsx",
    "build-template/src/frontend/src/components/ui/textarea.tsx",
    "build-template/src/frontend/src/components/ui/toggle-group.tsx",
    "build-template/src/frontend/src/components/ui/toggle.tsx",
    "build-template/src/frontend/src/components/ui/tooltip.tsx",
    "build-template/src/frontend/src/hooks/use-mobile.tsx",
    "build-template/src/frontend/src/lib/utils.ts",
    "build-template/src/frontend/tsconfig.json",
    "build-template/src/frontend/vite.config.js",
    "build-template/tsconfig.json",
    "caffeine.lock.json",
    "feature_evidence.json",
    "frontend-file-summaries.txt",
    "frontend-implementation-plan.json",
    "frontend/index.css",
    "frontend/index.html",
    "frontend/public/assets/generated/milletbowl-hero.dim_1600x900.png",
    "frontend/public/assets/generated/milletbowl-icons-set.dim_1024x1024.png",
    "frontend/public/assets/generated/milletbowl-millets.dim_1400x900.png",
    "frontend/src/App.tsx",
    "frontend/src/backend.d.ts",
    "frontend/src/backend.ts",
    "frontend/src/components/HygienePromiseSection.tsx",
    "frontend/src/components/SiteFooter.tsx",
    "frontend/src/components/SiteHeader.tsx",
    "frontend/src/components/SiteLayout.tsx",
    "frontend/src/components/TargetCustomersSection.tsx",
    "frontend/src/config.ts",
    "frontend/src/declarations/backend.did.d.ts",
    "frontend/src/declarations/backend.did.js",
    "frontend/src/hooks/useActor.ts",
    "frontend/src/hooks/useCreateSubmission.ts",
    "frontend/src/hooks/useInternetIdentity.ts",
    "frontend/src/index.css",
    "frontend/src/main.tsx",
    "frontend/src/pages/AboutPage.tsx",
    "frontend/src/pages/ContactOrderPage.tsx",
    "frontend/src/pages/HomePage.tsx",
    "frontend/src/pages/PersonalizedDietPlansPage.tsx",
    "frontend/src/pages/SubscriptionPlansPage.tsx",
    "frontend/src/ui-summary.json",
    "frontend/src/utils/StorageClient.ts",
    "frontend/tailwind.config.js",
    "project_state.json",
    "scratch/component-selection.json",
    "spec.md",
    "spec_vs_diff_report.json"
  ]
}