{
  "kind": "implementation_plan",
  "version": "1.0",
  "title": "MilletBowl marketing website (pages, plans, contact/order)",
  "requirements": [
    {
      "id": "REQ-1",
      "summary": "Apply a warm, trustworthy, responsive visual system (yellow/white/green, clean typography, whitespace, accessible contrast) consistently across the marketing site in English.",
      "acceptanceCriteria": [
        "Site uses a consistent warm color palette dominated by yellow/white/green and a cohesive typography scale across all pages",
        "All pages are responsive (mobile, tablet, desktop) and maintain readable contrast and spacing",
        "No user-facing copy uses languages other than English"
      ],
      "file_operations": [
        {
          "path": "frontend/src/index.css",
          "operation": "create",
          "description": "Create global styles to establish MilletBowl warm palette (yellow/white/green), typography scale, spacing, and accessible contrast defaults across the app."
        },
        {
          "path": "frontend/tailwind.config.js",
          "operation": "modify",
          "description": "Extend Tailwind theme tokens (colors/typography/spacing defaults) to support the warm MilletBowl visual system consistently across pages."
        },
        {
          "path": "frontend/src/components/SiteLayout.tsx",
          "operation": "create",
          "description": "Create a shared layout wrapper (max-width container, consistent section spacing, readable typography) applied to all pages."
        }
      ]
    },
    {
      "id": "REQ-2",
      "summary": "Implement the Landing Page hero with the exact tagline, intro, and a primary CTA that navigates to Contact/Order.",
      "acceptanceCriteria": [
        "Landing page displays the exact tagline text",
        "Landing page includes a short English intro paragraph about millet-based diabetic-friendly meals",
        "Clicking “Start Your Healthy Plan” navigates to the Contact/Order page route/section"
      ],
      "file_operations": [
        {
          "path": "frontend/src/pages/HomePage.tsx",
          "operation": "create",
          "description": "Create the Landing Page hero with tagline “Traditional Nutrition. Modern Convenience.”, a short English intro about millet-based diabetic-friendly meals, and a primary CTA button labeled “Start Your Healthy Plan” that routes to the Contact/Order page. Use shadcn-ui components (e.g., Button) to keep styling consistent; verify the component's usage instructions before implementing."
        },
        {
          "path": "frontend/src/App.tsx",
          "operation": "create",
          "description": "Wire the Home/Landing route to HomePage and ensure the CTA navigation target (Contact/Order) is registered."
        }
      ]
    },
    {
      "id": "REQ-3",
      "summary": "Add an About page/section describing modern lifestyle health issues and MilletBowl’s millet/organic approach, explicitly listing all required ingredients verbatim.",
      "acceptanceCriteria": [
        "About content includes an explanation of lifestyle-related health issues (diabetes, obesity, digestive issues)",
        "About content explains MilletBowl’s approach using traditional Indian millets and organic food instead of medication",
        "All listed millets/ingredients appear verbatim in the About section/page"
      ],
      "file_operations": [
        {
          "path": "frontend/src/pages/AboutPage.tsx",
          "operation": "create",
          "description": "Create an About page with English content covering: (a) how modern lifestyles contribute to diabetes, obesity, and digestive issues; (b) how MilletBowl uses traditional Indian millets and organic food instead of medication; and explicitly list: ragi, jowar, foxtail millet, barnyard millet, kodo millet, little millet, proso millet, browntop millet, amaranth, buckwheat."
        },
        {
          "path": "frontend/src/App.tsx",
          "operation": "modify",
          "description": "Register the About route and ensure it is reachable via navigation."
        }
      ]
    },
    {
      "id": "REQ-4",
      "summary": "Create a Personalized Diet Plans page showing the provided example diabetic-friendly daily plan items.",
      "acceptanceCriteria": [
        "A dedicated Personalized Diet Plans page exists and is reachable via navigation",
        "The example plan lists all five bullets exactly as provided (wording may be formatted but must preserve the items)"
      ],
      "file_operations": [
        {
          "path": "frontend/src/pages/PersonalizedDietPlansPage.tsx",
          "operation": "create",
          "description": "Create a dedicated Personalized Diet Plans page that displays the example plan items: Wheatgrass juice morning; Ragi/Foxtail breakfast with fenugreek; Barnyard/Kodo/Little millet lunch bowl; Proso/Browntop snacks; Jowar/Bajra dinner with vegetables. Use shadcn-ui components (e.g., Card) for a scannable layout; verify the component's usage instructions before implementing."
        },
        {
          "path": "frontend/src/App.tsx",
          "operation": "modify",
          "description": "Register the Personalized Diet Plans route and ensure it is linked from site navigation."
        }
      ]
    },
    {
      "id": "REQ-5",
      "summary": "Add a Target Customers section/page highlighting the four specified customer groups in a scannable format.",
      "acceptanceCriteria": [
        "Target Customers content includes all four customer groups",
        "Content is presented in a scannable format (e.g., cards or bullet list)"
      ],
      "file_operations": [
        {
          "path": "frontend/src/components/TargetCustomersSection.tsx",
          "operation": "create",
          "description": "Create a Target Customers section highlighting: Diabetic patients, Elderly people, Software/corporate employees, Health-conscious individuals in a scannable card/list format. Use shadcn-ui components (e.g., Card) to present the groups consistently; verify the component's usage instructions before implementing."
        },
        {
          "path": "frontend/src/pages/HomePage.tsx",
          "operation": "modify",
          "description": "Compose TargetCustomersSection into the Landing page as a visible section (no new top-level route) to satisfy the requirement while keeping navigation focused."
        }
      ]
    },
    {
      "id": "REQ-6",
      "summary": "Create a Subscription Plans page describing weekly and monthly subscriptions with customization concept and no payments.",
      "acceptanceCriteria": [
        "Subscription Plans page exists and is reachable via navigation",
        "Page includes at least two plan options: weekly and monthly",
        "Page explains that plans can be customized (in English)"
      ],
      "file_operations": [
        {
          "path": "frontend/src/pages/SubscriptionPlansPage.tsx",
          "operation": "create",
          "description": "Create a Subscription Plans page with at least weekly and monthly options and clear English customization concept (preference/condition-based customization) without any payment UI. Use shadcn-ui components (e.g., Card, Badge) for plan presentation; verify the component's usage instructions before implementing."
        },
        {
          "path": "frontend/src/App.tsx",
          "operation": "modify",
          "description": "Register the Subscription Plans route and ensure it is linked from site navigation."
        }
      ]
    },
    {
      "id": "REQ-7",
      "summary": "Add a Hygiene & Organic Promise section/page stating no refined sugar, no preservatives, and organic ingredients.",
      "acceptanceCriteria": [
        "Hygiene & Organic Promise content includes: no refined sugar, no preservatives, organic ingredients",
        "Promise content is visible and readable on mobile and desktop"
      ],
      "file_operations": [
        {
          "path": "frontend/src/components/HygienePromiseSection.tsx",
          "operation": "create",
          "description": "Create a readable Hygiene & Organic Promise section containing the exact statements: no refined sugar, no preservatives, organic ingredients."
        },
        {
          "path": "frontend/src/pages/HomePage.tsx",
          "operation": "modify",
          "description": "Compose HygienePromiseSection into the Landing page as a prominent, responsive section (no new top-level route)."
        }
      ]
    },
    {
      "id": "REQ-8",
      "summary": "Create a Contact/Order page with a form for name, health condition, and subscription interest, including required-field validation and success/error states.",
      "acceptanceCriteria": [
        "Contact/Order page has inputs for name, health condition, and subscription interest",
        "Form prevents submission when required fields are empty and shows inline validation messaging",
        "After submission, UI shows a success message or an error message depending on the result"
      ],
      "file_operations": [
        {
          "path": "frontend/src/pages/ContactOrderPage.tsx",
          "operation": "create",
          "description": "Create a Contact/Order page containing a simple form collecting name, health condition, and subscription interest with client-side required-field validation and clear inline messages. Use shadcn-ui form primitives (e.g., Input, Textarea, Select, Button, Alert) for consistent UI; verify the component's usage instructions before implementing."
        },
        {
          "path": "frontend/src/App.tsx",
          "operation": "modify",
          "description": "Register the Contact/Order route and ensure it is reachable from navigation and from the Landing page CTA."
        }
      ]
    },
    {
      "id": "REQ-10",
      "summary": "Wire the Contact/Order form submission to the Motoko canister using React Query and reflect real success/error responses in the UI.",
      "acceptanceCriteria": [
        "Submitting the form triggers a React Query mutation that calls the backend create-submission method",
        "On successful backend response, the UI shows a success confirmation and optionally clears the form",
        "On backend failure, the UI shows an error state without crashing"
      ],
      "file_operations": [
        {
          "path": "frontend/src/backend.ts",
          "operation": "create",
          "description": "Create a small frontend backend-client wrapper that exposes typed access to the canister methods from frontend/src/backend.d.ts. Prefer using the core-infrastructure component’s backend connection configuration; verify the component's usage instructions before implementing."
        },
        {
          "path": "frontend/src/hooks/useCreateSubmission.ts",
          "operation": "create",
          "description": "Implement a React Query mutation hook that submits the Contact/Order form to the backend create-submission method. Map the form fields into the backend method signature available in frontend/src/backend.d.ts (ensuring the UI success/error state reflects the real call result)."
        },
        {
          "path": "frontend/src/pages/ContactOrderPage.tsx",
          "operation": "modify",
          "description": "Connect the form submit handler to the React Query mutation, disable submit while pending, show success confirmation on success (and optionally clear fields), and show a non-crashing error state on failure."
        }
      ]
    },
    {
      "id": "REQ-11",
      "summary": "Add site navigation to access Home, About, Personalized Diet Plans, Subscription Plans, and Contact/Order with clear active state.",
      "acceptanceCriteria": [
        "Navigation links exist for Home, About, Personalized Diet Plans, Subscription Plans, and Contact/Order",
        "All links navigate to the correct page/section",
        "Active route/section state is visually indicated"
      ],
      "file_operations": [
        {
          "path": "frontend/src/components/SiteHeader.tsx",
          "operation": "create",
          "description": "Create a responsive header navigation with links for Home, About, Personalized Diet Plans, Subscription Plans, and Contact/Order, using active-route styling. Use shadcn-ui components (e.g., Button) as needed for consistent styling; verify the component's usage instructions before implementing."
        },
        {
          "path": "frontend/src/components/SiteFooter.tsx",
          "operation": "create",
          "description": "Create a simple footer with repeated navigation access and basic brand/promise reinforcement (English only)."
        },
        {
          "path": "frontend/src/components/SiteLayout.tsx",
          "operation": "modify",
          "description": "Wire SiteHeader and SiteFooter into the shared layout so all pages consistently show navigation."
        },
        {
          "path": "frontend/src/main.tsx",
          "operation": "modify",
          "description": "Wrap the app with the routing provider (e.g., BrowserRouter) so navigation works across all pages, while preserving the existing React Query provider setup."
        }
      ]
    },
    {
      "id": "REQ-12",
      "summary": "Add required generated static food/health visuals under frontend/public/assets/generated and reference them across the site (hero + at least one additional section).",
      "acceptanceCriteria": [
        "All required generated images exist under frontend/public/assets/generated",
        "At least the Landing hero and one additional section use the generated images in the UI",
        "Images are referenced as static assets and not fetched through backend calls"
      ],
      "file_operations": [
        {
          "path": "frontend/public/assets/generated/milletbowl-hero.dim_1600x900.png",
          "operation": "create",
          "description": "Add the generated hero banner image asset at frontend/public/assets/generated/milletbowl-hero.dim_1600x900.png for direct static use in the UI."
        },
        {
          "path": "frontend/public/assets/generated/milletbowl-icons-set.dim_1024x1024.png",
          "operation": "create",
          "description": "Add the generated icons set image asset at frontend/public/assets/generated/milletbowl-icons-set.dim_1024x1024.png for direct static use in the UI."
        },
        {
          "path": "frontend/public/assets/generated/milletbowl-millets.dim_1400x900.png",
          "operation": "create",
          "description": "Add the generated millets image asset at frontend/public/assets/generated/milletbowl-millets.dim_1400x900.png for direct static use in the UI."
        },
        {
          "path": "frontend/src/pages/HomePage.tsx",
          "operation": "modify",
          "description": "Reference frontend/public/assets/generated/milletbowl-hero.dim_1600x900.png in the Landing hero and use frontend/public/assets/generated/milletbowl-icons-set.dim_1024x1024.png to visually support at least one section (e.g., Target Customers or Hygiene Promise) as static assets."
        },
        {
          "path": "frontend/src/pages/AboutPage.tsx",
          "operation": "modify",
          "description": "Reference frontend/public/assets/generated/milletbowl-millets.dim_1400x900.png within the About page to reinforce the millet ingredient list and ensure at least one non-hero section uses generated imagery."
        }
      ]
    }
  ]
}