{
  "kind": "spec_vs_diff_report",
  "version": "1.0",
  "generatedAt": "2026-02-03T10:19:59.211Z",
  "summary": "Most frontend pages/routes, navigation, warm palette styling, and major sections (Landing, About, Diet Plans, Subscription, Contact) appear implemented. Key spec mismatches are in backend submission schema/methods and exact-copy requirements (diet plan items, verbatim millet list). Some additional unrequested auth and extra backend/UX elements were introduced.",
  "missing_requirements": [
    {
      "id": "REQ-3",
      "requirement": "About section/page must explicitly list these ingredients verbatim: ragi, jowar, foxtail millet, barnyard millet, kodo millet, little millet, proso millet, browntop millet, amaranth, buckwheat.",
      "reason": "The About page lists items with added parentheticals and capitalization (e.g., \"Ragi (Finger Millet)\", \"Jowar (Sorghum)\") rather than showing the ingredient names verbatim as required by the AC.",
      "evidence": [
        "frontend/src/pages/AboutPage.tsx"
      ]
    },
    {
      "id": "REQ-4",
      "requirement": "Personalized Diet Plans page must show the example diabetic-friendly daily plan with the exact items provided: Wheatgrass juice morning; Ragi/Foxtail breakfast with fenugreek; Barnyard/Kodo/Little millet lunch bowl; Proso/Browntop snacks; Jowar/Bajra dinner with vegetables.",
      "reason": "The page uses different phrasing/capitalization and expands items (e.g., \"Wheatgrass Juice\", \"Ragi/Foxtail Millet with Fenugreek\", \"Barnyard/Kodo/Little Millet Bowl\", etc.) rather than listing the five items exactly as provided.",
      "evidence": [
        "frontend/src/pages/PersonalizedDietPlansPage.tsx"
      ]
    },
    {
      "id": "REQ-9",
      "requirement": "Backend must persist Contact/Order submissions with timestamp and expose methods to create a submission and list submissions including name, health condition, subscription interest, and timestamp.",
      "reason": "Backend submission type and API do not match required fields: it stores {name, email, message, timestamp} and exposes addEntry(name,email,message) plus sorted list queries, not a create method for {health condition, subscription interest}.",
      "evidence": [
        "backend/main.mo"
      ]
    },
    {
      "id": "REQ-10",
      "requirement": "Wire frontend Contact/Order form to backend submission endpoint using React Query so submissions are sent with correct fields and success/error reflect actual backend response.",
      "reason": "The React Query mutation explicitly notes a mismatch and sends healthCondition/subscriptionInterest into backend parameters that are named/typed as email/message (\"workaround until backend is updated\"), so it is not wired to the correct backend schema required by REQ-9.",
      "evidence": [
        "frontend/src/hooks/useCreateSubmission.ts",
        "backend/main.mo"
      ]
    },
    {
      "id": "REQ-11",
      "requirement": "Navigation to access: Home (Landing), About, Personalized Diet Plans, Subscription Plans, Contact/Order (with clear active state).",
      "reason": "Routes exist and active state is implemented, but link labels do not match the requested page names (e.g., \"Diet Plans\" vs \"Personalized Diet Plans\", \"Subscription\" vs \"Subscription Plans\", \"Contact\" vs \"Contact/Order\").",
      "evidence": [
        "frontend/src/components/SiteHeader.tsx",
        "frontend/src/components/SiteFooter.tsx"
      ]
    },
    {
      "id": "REQ-12",
      "requirement": "All required generated images must exist under frontend/public/assets/generated (hero, icons set, millets image) and be used from static assets.",
      "reason": "UI references generated images (hero + icons), but the diff summary does not show the required image files being added under frontend/public/assets/generated (some files are omitted/truncated), so existence cannot be verified from the provided diff evidence.",
      "evidence": [
        "frontend/src/pages/HomePage.tsx",
        "frontend/src/components/HygienePromiseSection.tsx"
      ]
    }
  ],
  "hallucinated_features": [
    {
      "description": "Internet Identity authentication provider/hooks and actor creation logic (authenticated vs anonymous actor).",
      "reason": "Authentication was not requested for this build; adding auth infrastructure goes beyond the requirements (and is not necessary for the contact/order submission flow described).",
      "evidence": [
        "frontend/src/main.tsx",
        "frontend/src/hooks/useInternetIdentity.ts",
        "frontend/src/hooks/useActor.ts"
      ]
    },
    {
      "description": "Backend submission fields and naming centered around email/message instead of health condition/subscription interest, plus additional sorted listing endpoints.",
      "reason": "BuildRequest specifies storing health condition and subscription interest with a create method and a list method; the diff adds a different schema and extra sorting endpoints not requested.",
      "evidence": [
        "backend/main.mo"
      ]
    },
    {
      "description": "Footer attribution/link to caffeine.ai with heart icon.",
      "reason": "Not requested in the BuildRequest; adds extra branding/attribution content.",
      "evidence": [
        "frontend/src/components/SiteFooter.tsx"
      ]
    }
  ],
  "confidence": 0.74,
  "changed_files": [
    "all_files_summary.json",
    "backend/main.mo",
    "frontend-file-summaries.txt",
    "frontend/index.css",
    "frontend/index.html",
    "frontend/src/App.tsx",
    "frontend/src/components/HygienePromiseSection.tsx",
    "frontend/src/components/SiteFooter.tsx",
    "frontend/src/components/SiteHeader.tsx",
    "frontend/src/components/SiteLayout.tsx",
    "frontend/src/components/TargetCustomersSection.tsx",
    "frontend/src/hooks/useActor.ts",
    "frontend/src/hooks/useCreateSubmission.ts",
    "frontend/src/hooks/useInternetIdentity.ts",
    "frontend/src/index.css",
    "frontend/src/main.tsx",
    "frontend/src/pages/AboutPage.tsx",
    "frontend/src/pages/ContactOrderPage.tsx",
    "frontend/src/pages/HomePage.tsx",
    "frontend/src/pages/PersonalizedDietPlansPage.tsx",
    "frontend/src/pages/SubscriptionPlansPage.tsx",
    "frontend/tailwind.config.js",
    "project_state.json"
  ]
}